candidate_id,family,feature_recipe,model_type,threshold_method,calibration_method,split_name,fold_id,evaluation_level,n_predictions,n_features,threshold,roc_auc,pr_auc,balanced_accuracy,macro_f1,brier_score,sensitivity,specificity,ece
candidate_0000,d3_lite_anchor,d3_lite_exact,official_lite_logistic,fixed_0_5,none,unseen_reader,0,official_trial_level_fold_mean,884,12,0.5,0.8356672562893082,0.6427493146915533,0.7320867026055705,0.7176303137128339,0.16215146150313295,0.6367924528301887,0.8273809523809523,0.1784968729254876
candidate_0000,d3_lite_anchor,d3_lite_exact,official_lite_logistic,fixed_0_5,none,unseen_reader,1,official_trial_level_fold_mean,906,12,0.5,0.7023664879057037,0.48194709761644866,0.62300988771577,0.5772860615204091,0.21998293268669628,0.6078431372549019,0.6381766381766382,0.23326778381218988
candidate_0000,d3_lite_anchor,d3_lite_exact,official_lite_logistic,fixed_0_5,none,unseen_reader,2,official_trial_level_fold_mean,799,12,0.5,0.8896893236796863,0.6576823795421253,0.813043320338039,0.6827755857168585,0.188363835212856,0.8934426229508197,0.7326440177252584,0.25959453337999894
candidate_0000,d3_lite_anchor,d3_lite_exact,official_lite_logistic,fixed_0_5,none,unseen_reader,3,official_trial_level_fold_mean,965,12,0.5,0.8063057717865957,0.46337679163974665,0.7414770030377824,0.7289329668949143,0.19107592349639904,0.6419213973799127,0.8410326086956522,0.2087855819107629
candidate_0000,d3_lite_anchor,d3_lite_exact,official_lite_logistic,fixed_0_5,none,unseen_reader_and_text,0,official_trial_level_fold_mean,321,12,0.5,0.7586934156378601,0.5003971558696572,0.7003086419753086,0.6828101003607272,0.18673644769174147,0.6172839506172839,0.7833333333333333,0.16431336051168582
candidate_0000,d3_lite_anchor,d3_lite_exact,official_lite_logistic,fixed_0_5,none,unseen_reader_and_text,1,official_trial_level_fold_mean,269,12,0.5,0.5921649484536082,0.5463298697336676,0.48573883161512027,0.4492720655141037,0.29649367443141167,0.5333333333333333,0.4381443298969072,0.2954931228834506
candidate_0000,d3_lite_anchor,d3_lite_exact,official_lite_logistic,fixed_0_5,none,unseen_reader_and_text,2,official_trial_level_fold_mean,404,12,0.5,0.7790096450233668,0.6881777052069505,0.7119916476086308,0.7126887086712415,0.19596800417868382,0.6629213483146067,0.7610619469026548,0.0809608397185876
candidate_0000,d3_lite_anchor,d3_lite_exact,official_lite_logistic,fixed_0_5,none,unseen_reader_and_text,3,official_trial_level_fold_mean,234,12,0.5,0.7316722972972973,0.5252691416630921,0.6385979729729729,0.6444722495307891,0.19706575164292123,0.44594594594594594,0.83125,0.09535446687563184
candidate_0000,d3_lite_anchor,d3_lite_exact,official_lite_logistic,fixed_0_5,none,unseen_text,0,official_trial_level_fold_mean,913,12,0.5,0.8644113498714012,0.646616891893197,0.7680833264194253,0.7548258381892378,0.15051224585663425,0.6715686274509803,0.8645980253878702,0.1718777495536414
candidate_0000,d3_lite_anchor,d3_lite_exact,official_lite_logistic,fixed_0_5,none,unseen_text,1,official_trial_level_fold_mean,861,12,0.5,0.8269218369682609,0.5532496821294635,0.7400986508051647,0.6794657435830449,0.18585362813613643,0.7486338797814208,0.7315634218289085,0.24139438180899336
candidate_0000,d3_lite_anchor,d3_lite_exact,official_lite_logistic,fixed_0_5,none,unseen_text,2,official_trial_level_fold_mean,797,12,0.5,0.8386483362898457,0.4082187174108827,0.7430521958823846,0.5862018195062226,0.23866348349132369,0.8518518518518519,0.6342525399129173,0.31603530110456357
candidate_0000,d3_lite_anchor,d3_lite_exact,official_lite_logistic,fixed_0_5,none,unseen_text,3,official_trial_level_fold_mean,983,12,0.5,0.7974218168279971,0.5655493655090302,0.6850671175643253,0.6797090929219405,0.17347696205765592,0.5698529411764706,0.8002812939521801,0.11271583800131087
candidate_0014_3a7538097b,d3_lite_plus_full_official_extension,d3_lite_all,logistic_l2,inner_balanced_accuracy,sigmoid_cv3,unseen_reader,0,official_trial_level_fold_mean,884,128,0.24000000000000002,0.7350102482030548,0.4913029496755308,0.6691374663072776,0.6044808884837487,0.15726076130394415,0.7311320754716981,0.6071428571428571,0.04425455189905566
candidate_0014_3a7538097b,d3_lite_plus_full_official_extension,d3_lite_all,logistic_l2,inner_balanced_accuracy,sigmoid_cv3,unseen_reader,1,official_trial_level_fold_mean,906,128,0.46,0.657180464778504,0.42938865161341633,0.605455002513826,0.6218378621744065,0.16049647861982713,0.24509803921568626,0.9658119658119658,0.1002734292767649
candidate_0014_3a7538097b,d3_lite_plus_full_official_extension,d3_lite_all,logistic_l2,inner_balanced_accuracy,sigmoid_cv3,unseen_reader,2,official_trial_level_fold_mean,799,128,0.28,0.9035402087318691,0.6769630189085402,0.81082766302637,0.67938771145444,0.09392157305985084,0.8934426229508197,0.7282127031019202,0.10809236961947132
candidate_0014_3a7538097b,d3_lite_plus_full_official_extension,d3_lite_all,logistic_l2,inner_balanced_accuracy,sigmoid_cv3,unseen_reader,3,official_trial_level_fold_mean,965,128,0.24000000000000002,0.6182421207518511,0.3094867385582134,0.6443806958420353,0.6098983598983598,0.18468625028648403,0.6026200873362445,0.686141304347826,0.0694994802224594
candidate_0014_3a7538097b,d3_lite_plus_full_official_extension,d3_lite_all,logistic_l2,inner_balanced_accuracy,sigmoid_cv3,unseen_reader_and_text,0,official_trial_level_fold_mean,321,128,0.36000000000000004,0.5626028806584362,0.2595742565131196,0.4493055555555555,0.44107529621607844,0.19639732752739844,0.1111111111111111,0.7875,0.1123098972719972
candidate_0014_3a7538097b,d3_lite_plus_full_official_extension,d3_lite_all,logistic_l2,inner_balanced_accuracy,sigmoid_cv3,unseen_reader_and_text,1,official_trial_level_fold_mean,269,128,0.26,0.6800687285223367,0.628457599010144,0.5586254295532647,0.5052348613469158,0.17420427164847724,0.6533333333333333,0.4639175257731959,0.1537948423533301
candidate_0014_3a7538097b,d3_lite_plus_full_official_extension,d3_lite_all,logistic_l2,inner_balanced_accuracy,sigmoid_cv3,unseen_reader_and_text,2,official_trial_level_fold_mean,404,128,0.38,0.8176394551058963,0.8148671021559196,0.7482350601571045,0.7516393442622951,0.18207917380915528,0.6292134831460674,0.8672566371681416,0.10623964084948224
candidate_0014_3a7538097b,d3_lite_plus_full_official_extension,d3_lite_all,logistic_l2,inner_balanced_accuracy,sigmoid_cv3,unseen_reader_and_text,3,official_trial_level_fold_mean,234,128,0.38,0.5075168918918919,0.319538928301917,0.48851351351351346,0.4196428571428571,0.23163307233832967,0.02702702702702703,0.95,0.11005926849490322
candidate_0014_3a7538097b,d3_lite_plus_full_official_extension,d3_lite_all,logistic_l2,inner_balanced_accuracy,sigmoid_cv3,unseen_text,0,official_trial_level_fold_mean,913,128,0.29000000000000004,0.8840330208246909,0.8072781262955063,0.8121318343980752,0.778872101617422,0.11133934575335065,0.7794117647058824,0.844851904090268,0.13230488834219906
candidate_0014_3a7538097b,d3_lite_plus_full_official_extension,d3_lite_all,logistic_l2,inner_balanced_accuracy,sigmoid_cv3,unseen_text,1,official_trial_level_fold_mean,861,128,0.3,0.8366619920370102,0.6586338172284979,0.781009720005803,0.7508558138011237,0.12417572686481199,0.7213114754098361,0.8407079646017699,0.1019498747426774
candidate_0014_3a7538097b,d3_lite_plus_full_official_extension,d3_lite_all,logistic_l2,inner_balanced_accuracy,sigmoid_cv3,unseen_text,2,official_trial_level_fold_mean,797,128,0.38,0.8378285760361233,0.441182924239915,0.7418494328871688,0.614127349828041,0.1321539394540878,0.7870370370370371,0.6966618287373004,0.17752612602401419
candidate_0014_3a7538097b,d3_lite_plus_full_official_extension,d3_lite_all,logistic_l2,inner_balanced_accuracy,sigmoid_cv3,unseen_text,3,official_trial_level_fold_mean,983,128,0.26,0.8642084470919169,0.6793913214086912,0.7709341648051625,0.7608281458800453,0.1588306635617728,0.7022058823529411,0.8396624472573839,0.14250499078342957
candidate_0013_936f0c9788,d3_lite_plus_full_official_extension,d3_lite_all,logistic_elasticnet,inner_balanced_accuracy,sigmoid_cv3,unseen_reader,0,official_trial_level_fold_mean,884,128,0.25,0.7383163465858041,0.4891865335490149,0.6709905660377358,0.6113365800865801,0.15702667505235493,0.7169811320754716,0.625,0.05004626770104019
candidate_0013_936f0c9788,d3_lite_plus_full_official_extension,d3_lite_all,logistic_elasticnet,inner_balanced_accuracy,sigmoid_cv3,unseen_reader,1,official_trial_level_fold_mean,906,128,0.45,0.6594079939668174,0.4378289494147589,0.6085344394167924,0.6253247272519564,0.1597524850261096,0.25980392156862747,0.9572649572649573,0.1030149099460748
candidate_0013_936f0c9788,d3_lite_plus_full_official_extension,d3_lite_all,logistic_elasticnet,inner_balanced_accuracy,sigmoid_cv3,unseen_reader,2,official_trial_level_fold_mean,799,128,0.28,0.9070392522459259,0.681159876510965,0.8071349008402547,0.6737852696256772,0.09451204978128458,0.8934426229508197,0.7208271787296898,0.10806793527637029
candidate_0013_936f0c9788,d3_lite_plus_full_official_extension,d3_lite_all,logistic_elasticnet,inner_balanced_accuracy,sigmoid_cv3,unseen_reader,3,official_trial_level_fold_mean,965,128,0.23,0.6188295044617429,0.31100343445836354,0.6316659151319537,0.5868767051721135,0.1834160788727751,0.62882096069869,0.6345108695652174,0.07756377717988085
candidate_0013_936f0c9788,d3_lite_plus_full_official_extension,d3_lite_all,logistic_elasticnet,inner_balanced_accuracy,sigmoid_cv3,unseen_reader_and_text,0,official_trial_level_fold_mean,321,128,0.35000000000000003,0.5689814814814815,0.26268936177071245,0.44297839506172837,0.4380129116971222,0.1961173462336404,0.12345679012345678,0.7625,0.10599318843456927
candidate_0013_936f0c9788,d3_lite_plus_full_official_extension,d3_lite_all,logistic_elasticnet,inner_balanced_accuracy,sigmoid_cv3,unseen_reader_and_text,1,official_trial_level_fold_mean,269,128,0.3,0.6852233676975945,0.6340591380422234,0.6148797250859106,0.5813136478854449,0.17326706010134496,0.6266666666666667,0.6030927835051546,0.15307718415461555
candidate_0013_936f0c9788,d3_lite_plus_full_official_extension,d3_lite_all,logistic_elasticnet,inner_balanced_accuracy,sigmoid_cv3,unseen_reader_and_text,2,official_trial_level_fold_mean,404,128,0.39,0.8170428557223824,0.814938686604378,0.7448294720095456,0.7482251505008127,0.18147776926633805,0.6179775280898876,0.8716814159292036,0.10356640216175003
candidate_0013_936f0c9788,d3_lite_plus_full_official_extension,d3_lite_all,logistic_elasticnet,inner_balanced_accuracy,sigmoid_cv3,unseen_reader_and_text,3,official_trial_level_fold_mean,234,128,0.36000000000000004,0.5208614864864864,0.32934904566779266,0.5020270270270271,0.44441738706928036,0.2298296496196278,0.05405405405405406,0.95,0.10357753665648602
candidate_0013_936f0c9788,d3_lite_plus_full_official_extension,d3_lite_all,logistic_elasticnet,inner_balanced_accuracy,sigmoid_cv3,unseen_text,0,official_trial_level_fold_mean,913,128,0.29000000000000004,0.8836665836997706,0.8049563886071519,0.8058194363782185,0.773165575207549,0.11153294609820981,0.7696078431372549,0.842031029619182,0.1309078463472877
candidate_0013_936f0c9788,d3_lite_plus_full_official_extension,d3_lite_all,logistic_elasticnet,inner_balanced_accuracy,sigmoid_cv3,unseen_text,1,official_trial_level_fold_mean,861,128,0.31,0.8277237777455388,0.6531123915546058,0.7744209101020358,0.7569717945657795,0.12453946493042292,0.6830601092896175,0.8657817109144543,0.0972667976629562
candidate_0013_936f0c9788,d3_lite_plus_full_official_extension,d3_lite_all,logistic_elasticnet,inner_balanced_accuracy,sigmoid_cv3,unseen_text,2,official_trial_level_fold_mean,797,128,0.41000000000000003,0.8394546578508841,0.44477763166379636,0.7592659786056013,0.6393414090782512,0.13290136283137483,0.7870370370370371,0.7314949201741655,0.17898067588220315
candidate_0013_936f0c9788,d3_lite_plus_full_official_extension,d3_lite_all,logistic_elasticnet,inner_balanced_accuracy,sigmoid_cv3,unseen_text,3,official_trial_level_fold_mean,983,128,0.26,0.8654546206668321,0.6825837163635489,0.7720691652188302,0.7613106155978349,0.16023937258939275,0.7058823529411765,0.8382559774964838,0.14482348098566372
candidate_0011_c51e744a96,d3_lite_plus_full_official_extension,d3_lite_all,logistic_l2,inner_balanced_accuracy,sigmoid_cv3,unseen_reader,0,official_trial_level_fold_mean,884,128,0.23,0.7286296889038635,0.49177764757059766,0.6623287286612758,0.5880376151214866,0.15784361785862588,0.7547169811320755,0.5699404761904762,0.039644213950187863
candidate_0011_c51e744a96,d3_lite_plus_full_official_extension,d3_lite_all,logistic_l2,inner_balanced_accuracy,sigmoid_cv3,unseen_reader,1,official_trial_level_fold_mean,906,128,0.43,0.6494504496955478,0.41138663341077525,0.5965099715099715,0.6092689630515178,0.1626992132524733,0.25,0.9430199430199431,0.0973009721439874
candidate_0011_c51e744a96,d3_lite_plus_full_official_extension,d3_lite_all,logistic_l2,inner_balanced_accuracy,sigmoid_cv3,unseen_reader,2,official_trial_level_fold_mean,799,128,0.29000000000000004,0.894556505315156,0.6664335869314959,0.8051795529941642,0.683110977293728,0.09451184734980105,0.8688524590163934,0.741506646971935,0.10514519854856184
candidate_0011_c51e744a96,d3_lite_plus_full_official_extension,d3_lite_all,logistic_l2,inner_balanced_accuracy,sigmoid_cv3,unseen_reader,3,official_trial_level_fold_mean,965,128,0.24000000000000002,0.5985143345357888,0.30257342740268933,0.6285628678564648,0.5970387289576689,0.18623987369063283,0.5764192139737991,0.6807065217391305,0.08044334197917048
candidate_0011_c51e744a96,d3_lite_plus_full_official_extension,d3_lite_all,logistic_l2,inner_balanced_accuracy,sigmoid_cv3,unseen_reader_and_text,0,official_trial_level_fold_mean,321,128,0.34,0.5504629629629629,0.2547134406954421,0.4408179012345679,0.43794859457075264,0.19902026529522124,0.13580246913580246,0.7458333333333333,0.12510619031544856
candidate_0011_c51e744a96,d3_lite_plus_full_official_extension,d3_lite_all,logistic_l2,inner_balanced_accuracy,sigmoid_cv3,unseen_reader_and_text,1,official_trial_level_fold_mean,269,128,0.27,0.66446735395189,0.5983896240847358,0.5725773195876289,0.5263881135397432,0.17855832365871424,0.64,0.5051546391752577,0.15272063512402473
candidate_0011_c51e744a96,d3_lite_plus_full_official_extension,d3_lite_all,logistic_l2,inner_balanced_accuracy,sigmoid_cv3,unseen_reader_and_text,2,official_trial_level_fold_mean,404,128,0.36000000000000004,0.8123943521925028,0.8043366537423318,0.7337675251068907,0.7366766352273598,0.1856890048759714,0.6179775280898876,0.8495575221238938,0.11172699812362812
candidate_0011_c51e744a96,d3_lite_plus_full_official_extension,d3_lite_all,logistic_l2,inner_balanced_accuracy,sigmoid_cv3,unseen_reader_and_text,3,official_trial_level_fold_mean,234,128,0.37,0.49358108108108106,0.30673418533602576,0.48851351351351346,0.4196428571428571,0.2330732513163133,0.02702702702702703,0.95,0.11387461547536631
candidate_0011_c51e744a96,d3_lite_plus_full_official_extension,d3_lite_all,logistic_l2,inner_balanced_accuracy,sigmoid_cv3,unseen_text,0,official_trial_level_fold_mean,913,128,0.28,0.8811775768135182,0.8053510728102521,0.8036000719046434,0.7571622419676949,0.11148627004403304,0.7990196078431373,0.8081805359661495,0.13158768101541402
candidate_0011_c51e744a96,d3_lite_plus_full_official_extension,d3_lite_all,logistic_l2,inner_balanced_accuracy,sigmoid_cv3,unseen_text,1,official_trial_level_fold_mean,861,128,0.27,0.836496768057772,0.6542155491187048,0.7764035978528943,0.718731624452817,0.1259408220736029,0.7814207650273224,0.7713864306784661,0.10187224162284098
candidate_0011_c51e744a96,d3_lite_plus_full_official_extension,d3_lite_all,logistic_l2,inner_balanced_accuracy,sigmoid_cv3,unseen_text,2,official_trial_level_fold_mean,797,128,0.37,0.8283946137719722,0.42862855621137846,0.735593721442778,0.6011497900595645,0.13233184716360705,0.7962962962962963,0.6748911465892597,0.17597961369523737
candidate_0011_c51e744a96,d3_lite_plus_full_official_extension,d3_lite_all,logistic_l2,inner_balanced_accuracy,sigmoid_cv3,unseen_text,3,official_trial_level_fold_mean,983,128,0.27,0.8805172913047075,0.70868796101161,0.781371514850666,0.7721654896271435,0.15538794413466414,0.7132352941176471,0.849507735583685,0.1474540042917604
candidate_0009_89e1a1f5ed,d3_lite_plus_raw_gaze,d3_lite_raw_summary,extra_trees_d3,inner_balanced_accuracy,none,unseen_reader,0,official_trial_level_fold_mean,884,47,0.37,0.7471887634770888,0.553382486477391,0.6498203054806828,0.6339438762735694,0.15722513470527044,0.5377358490566038,0.7619047619047619,0.06405038185068977
candidate_0009_89e1a1f5ed,d3_lite_plus_raw_gaze,d3_lite_raw_summary,extra_trees_d3,inner_balanced_accuracy,none,unseen_reader,1,official_trial_level_fold_mean,906,47,0.37,0.6975553041729513,0.4795224330066211,0.6314312049606168,0.6061059852181054,0.17258805036448505,0.5392156862745098,0.7236467236467237,0.10391697655542208
candidate_0009_89e1a1f5ed,d3_lite_plus_raw_gaze,d3_lite_raw_summary,extra_trees_d3,inner_balanced_accuracy,none,unseen_reader,2,official_trial_level_fold_mean,799,47,0.28,0.8908032060440225,0.624825854251964,0.7876722280068771,0.6334528882755274,0.13312258241556546,0.9180327868852459,0.6573116691285081,0.18384664050159547
candidate_0009_89e1a1f5ed,d3_lite_plus_raw_gaze,d3_lite_raw_summary,extra_trees_d3,inner_balanced_accuracy,none,unseen_reader,3,official_trial_level_fold_mean,965,47,0.49,0.7728426998291247,0.4883638280018935,0.5813140782228973,0.5879498969938537,0.15523950486620625,0.2794759825327511,0.8831521739130435,0.07859823860881679
candidate_0009_89e1a1f5ed,d3_lite_plus_raw_gaze,d3_lite_raw_summary,extra_trees_d3,inner_balanced_accuracy,none,unseen_reader_and_text,0,official_trial_level_fold_mean,321,47,0.47000000000000003,0.6008230452674898,0.28942432871577334,0.49876543209876545,0.4966627350308749,0.2033265157900146,0.19753086419753085,0.8,0.08590400109845021
candidate_0009_89e1a1f5ed,d3_lite_plus_raw_gaze,d3_lite_raw_summary,extra_trees_d3,inner_balanced_accuracy,none,unseen_reader_and_text,1,official_trial_level_fold_mean,269,47,0.19,0.6621993127147767,0.6114684987251164,0.5387285223367697,0.4349364289662797,0.2062904398217843,0.7733333333333333,0.30412371134020616,0.17961619808998602
candidate_0009_89e1a1f5ed,d3_lite_plus_raw_gaze,d3_lite_raw_summary,extra_trees_d3,inner_balanced_accuracy,none,unseen_reader_and_text,2,official_trial_level_fold_mean,404,47,0.68,0.7858953962414237,0.7800194387793511,0.692378442875609,0.6846213895394223,0.18679366727835645,0.4157303370786517,0.9690265486725663,0.10397979994395361
candidate_0009_89e1a1f5ed,d3_lite_plus_raw_gaze,d3_lite_raw_summary,extra_trees_d3,inner_balanced_accuracy,none,unseen_reader_and_text,3,official_trial_level_fold_mean,234,47,0.41000000000000003,0.5377533783783783,0.3606340203057673,0.5642736486486487,0.5643690349946978,0.23538776253900343,0.2972972972972973,0.83125,0.12954461336204373
candidate_0009_89e1a1f5ed,d3_lite_plus_raw_gaze,d3_lite_raw_summary,extra_trees_d3,inner_balanced_accuracy,none,unseen_text,0,official_trial_level_fold_mean,913,47,0.28,0.9336057413092176,0.8371670903969903,0.8366312674576177,0.7504263376038787,0.09266311130115647,0.9313725490196079,0.7418899858956276,0.10352343902492936
candidate_0009_89e1a1f5ed,d3_lite_plus_raw_gaze,d3_lite_raw_summary,extra_trees_d3,inner_balanced_accuracy,none,unseen_text,1,official_trial_level_fold_mean,861,47,0.42000000000000004,0.916779502554927,0.7506688413550038,0.7739494172832342,0.776145596360091,0.0994748450141116,0.639344262295082,0.9085545722713865,0.08178338202796998
candidate_0009_89e1a1f5ed,d3_lite_plus_raw_gaze,d3_lite_raw_summary,extra_trees_d3,inner_balanced_accuracy,none,unseen_text,2,official_trial_level_fold_mean,797,47,0.46,0.8811280438638929,0.6885658217494564,0.7726038810944471,0.6548703223786333,0.14620956787965078,0.7962962962962963,0.7489114658925979,0.21050501019176626
candidate_0009_89e1a1f5ed,d3_lite_plus_raw_gaze,d3_lite_raw_summary,extra_trees_d3,inner_balanced_accuracy,none,unseen_text,3,official_trial_level_fold_mean,983,47,0.24000000000000002,0.8900109621907835,0.7526136220656563,0.8062044965665591,0.7460875916309644,0.12142089746651007,0.9007352941176471,0.7116736990154712,0.05465343940372901
candidate_0004_3f1cbc883e,d3_lite_plus_raw_gaze,d3_lite_raw_summary,logistic_l2,inner_balanced_accuracy,sigmoid_cv3,unseen_reader,0,official_trial_level_fold_mean,884,47,0.27,0.7121904481132075,0.4407035090327406,0.6371995732255167,0.6039797885086211,0.16355082665547124,0.5943396226415094,0.6800595238095238,0.060838354614681824
candidate_0004_3f1cbc883e,d3_lite_plus_raw_gaze,d3_lite_raw_summary,logistic_l2,inner_balanced_accuracy,sigmoid_cv3,unseen_reader,1,official_trial_level_fold_mean,906,47,0.56,0.6042993408189486,0.4204231795841661,0.6073613205966147,0.6251957645900025,0.1675289517778998,0.23039215686274508,0.9843304843304843,0.1385600170124428
candidate_0004_3f1cbc883e,d3_lite_plus_raw_gaze,d3_lite_raw_summary,logistic_l2,inner_balanced_accuracy,sigmoid_cv3,unseen_reader,2,official_trial_level_fold_mean,799,47,0.22,0.9259147153546262,0.6884264504360555,0.797679008160399,0.6439046597079959,0.08588701533950793,0.9262295081967213,0.6691285081240768,0.1267883318210843
candidate_0004_3f1cbc883e,d3_lite_plus_raw_gaze,d3_lite_raw_summary,logistic_l2,inner_balanced_accuracy,sigmoid_cv3,unseen_reader,3,official_trial_level_fold_mean,965,47,0.22,0.7662153502942852,0.4060278012456606,0.7488459986709702,0.6914843585094079,0.16863045501713572,0.7816593886462883,0.7160326086956522,0.14258533820858252
candidate_0004_3f1cbc883e,d3_lite_plus_raw_gaze,d3_lite_raw_summary,logistic_l2,inner_balanced_accuracy,sigmoid_cv3,unseen_reader_and_text,0,official_trial_level_fold_mean,321,47,0.34,0.5572016460905349,0.25437954473836394,0.45347222222222217,0.4444698714189682,0.19797375767238007,0.1111111111111111,0.7958333333333333,0.12389275215602943
candidate_0004_3f1cbc883e,d3_lite_plus_raw_gaze,d3_lite_raw_summary,logistic_l2,inner_balanced_accuracy,sigmoid_cv3,unseen_reader_and_text,1,official_trial_level_fold_mean,269,47,0.26,0.6407560137457045,0.6512067150629641,0.5184536082474227,0.45838926174496647,0.17903966170350707,0.64,0.39690721649484534,0.2267117983221132
candidate_0004_3f1cbc883e,d3_lite_plus_raw_gaze,d3_lite_raw_summary,logistic_l2,inner_balanced_accuracy,sigmoid_cv3,unseen_reader_and_text,2,official_trial_level_fold_mean,404,47,0.37,0.797031918067018,0.7779775066250103,0.6974992542507706,0.6974584976308029,0.19875891182349334,0.5056179775280899,0.8893805309734514,0.1383181803417147
candidate_0004_3f1cbc883e,d3_lite_plus_raw_gaze,d3_lite_raw_summary,logistic_l2,inner_balanced_accuracy,sigmoid_cv3,unseen_reader_and_text,3,official_trial_level_fold_mean,234,47,0.34,0.6795608108108109,0.4380340246593223,0.514527027027027,0.4529255655250853,0.21939518014054057,0.05405405405405406,0.975,0.1337691065166117
candidate_0004_3f1cbc883e,d3_lite_plus_raw_gaze,d3_lite_raw_summary,logistic_l2,inner_balanced_accuracy,sigmoid_cv3,unseen_text,0,official_trial_level_fold_mean,913,47,0.28,0.8854296302441992,0.7939060993564921,0.8191494510357034,0.785710262123526,0.1146666994830138,0.7892156862745098,0.849083215796897,0.13281449957906957
candidate_0004_3f1cbc883e,d3_lite_plus_raw_gaze,d3_lite_raw_summary,logistic_l2,inner_balanced_accuracy,sigmoid_cv3,unseen_text,1,official_trial_level_fold_mean,861,47,0.33,0.8437222947595789,0.6619243134021595,0.7958436094588713,0.7674191681137847,0.12167110892696896,0.7377049180327869,0.8539823008849557,0.10705141527455651
candidate_0004_3f1cbc883e,d3_lite_plus_raw_gaze,d3_lite_raw_summary,logistic_l2,inner_balanced_accuracy,sigmoid_cv3,unseen_text,2,official_trial_level_fold_mean,797,47,0.34,0.8334072461430951,0.39164366962208746,0.7548379293662313,0.6110486743494259,0.1332833833831411,0.8333333333333334,0.6763425253991292,0.1779313196150493
candidate_0004_3f1cbc883e,d3_lite_plus_raw_gaze,d3_lite_raw_summary,logistic_l2,inner_balanced_accuracy,sigmoid_cv3,unseen_text,3,official_trial_level_fold_mean,983,47,0.22,0.8180121204599984,0.5936215515075045,0.7477144866385372,0.715391511523663,0.17856586798646323,0.75,0.7454289732770746,0.14677200841621513
candidate_0010_99ae4c18ef,d3_lite_plus_raw_gaze,d3_lite_raw_summary,random_forest_d3,inner_balanced_accuracy,sigmoid_cv3,unseen_reader,0,official_trial_level_fold_mean,884,47,0.31,0.7530358546720575,0.48653913974399665,0.6539195867026055,0.6357538877620014,0.15885104679708698,0.5518867924528302,0.7559523809523809,0.04933644479922919
candidate_0010_99ae4c18ef,d3_lite_plus_raw_gaze,d3_lite_raw_summary,random_forest_d3,inner_balanced_accuracy,sigmoid_cv3,unseen_reader,1,official_trial_level_fold_mean,906,47,0.17,0.6376773643930507,0.4165052188004052,0.5812594268476621,0.4953094565872538,0.18467793022729606,0.7009803921568627,0.46153846153846156,0.11787688620429408
candidate_0010_99ae4c18ef,d3_lite_plus_raw_gaze,d3_lite_raw_summary,random_forest_d3,inner_balanced_accuracy,sigmoid_cv3,unseen_reader,2,official_trial_level_fold_mean,799,47,0.26,0.8901615129428289,0.5356875430115924,0.8049192435285857,0.6704491725768321,0.11465381723013736,0.8934426229508197,0.7163958641063516,0.1528750735992444
candidate_0010_99ae4c18ef,d3_lite_plus_raw_gaze,d3_lite_raw_summary,random_forest_d3,inner_balanced_accuracy,sigmoid_cv3,unseen_reader,3,official_trial_level_fold_mean,965,47,0.3,0.7752693658629201,0.49775136577774315,0.6475905401556864,0.6493543543543543,0.1548687532678493,0.45414847161572053,0.8410326086956522,0.07349453121740025
candidate_0010_99ae4c18ef,d3_lite_plus_raw_gaze,d3_lite_raw_summary,random_forest_d3,inner_balanced_accuracy,sigmoid_cv3,unseen_reader_and_text,0,official_trial_level_fold_mean,321,47,0.46,0.5719650205761317,0.26948032477038364,0.4681327160493827,0.45355058365758755,0.20548031376349107,0.09876543209876543,0.8375,0.10479391148074904
candidate_0010_99ae4c18ef,d3_lite_plus_raw_gaze,d3_lite_raw_summary,random_forest_d3,inner_balanced_accuracy,sigmoid_cv3,unseen_reader_and_text,1,official_trial_level_fold_mean,269,47,0.13,0.614639175257732,0.5326951740944029,0.48869415807560135,0.35254671174367325,0.2220361823713051,0.7866666666666666,0.19072164948453607,0.19711030108281466
candidate_0010_99ae4c18ef,d3_lite_plus_raw_gaze,d3_lite_raw_summary,random_forest_d3,inner_balanced_accuracy,sigmoid_cv3,unseen_reader_and_text,2,official_trial_level_fold_mean,404,47,0.32,0.7903947499254251,0.783769355536645,0.7317291438798846,0.734129796496912,0.19178328869509031,0.6404494382022472,0.8230088495575221,0.11673846404533887
candidate_0010_99ae4c18ef,d3_lite_plus_raw_gaze,d3_lite_raw_summary,random_forest_d3,inner_balanced_accuracy,sigmoid_cv3,unseen_reader_and_text,3,official_trial_level_fold_mean,234,47,0.28,0.5666385135135136,0.3692360210256542,0.5491554054054054,0.5494597594400525,0.23262771303402724,0.3108108108108108,0.7875,0.15313546325577296
candidate_0010_99ae4c18ef,d3_lite_plus_raw_gaze,d3_lite_raw_summary,random_forest_d3,inner_balanced_accuracy,sigmoid_cv3,unseen_text,0,official_trial_level_fold_mean,913,47,0.22,0.9216999917033104,0.8057180270602905,0.8123185099145441,0.7174379301909768,0.10332381212451598,0.9264705882352942,0.6981664315937941,0.1220926513014603
candidate_0010_99ae4c18ef,d3_lite_plus_raw_gaze,d3_lite_raw_summary,random_forest_d3,inner_balanced_accuracy,sigmoid_cv3,unseen_text,1,official_trial_level_fold_mean,861,47,0.45,0.9199469671325177,0.7414594840311385,0.7531795541370472,0.7726779795634708,0.09813306064838158,0.5683060109289617,0.9380530973451328,0.08179831105934797
candidate_0010_99ae4c18ef,d3_lite_plus_raw_gaze,d3_lite_raw_summary,random_forest_d3,inner_balanced_accuracy,sigmoid_cv3,unseen_text,2,official_trial_level_fold_mean,797,47,0.32,0.8860062893081762,0.6155519135404616,0.7805125517389668,0.6437086990696895,0.12875796949698892,0.8425925925925926,0.7184325108853411,0.18565131468140597
candidate_0010_99ae4c18ef,d3_lite_plus_raw_gaze,d3_lite_raw_summary,random_forest_d3,inner_balanced_accuracy,sigmoid_cv3,unseen_text,3,official_trial_level_fold_mean,983,47,0.26,0.8946336973608009,0.7559000096463073,0.782074749731116,0.7731637086012983,0.13394019176266345,0.7132352941176471,0.8509142053445851,0.09845172912515128
